{
    "name": "testpoc5",
    "description": "test poc5",
    "owner": {
      "type": "IDENTITY",
      "id":"d30f1381b17a4357bfc0e048aacd8098",
      "name": "dhamodharanm.admin"
    },
    "type": "OpenLDAP - Direct",
    "connector": "active-directory",
    "connectorClass": "sailpoint.connector.LDAPConnector",
    "connectorAttributes": {
      "healthCheckTimeout": 30,
      "authSearchAttributes": [
        "cn",
        "uid",
        "mail"
      ]
    },
    "status": "SOURCE_STATE_HEALTHY"
  }