{
    "attributeAssignments": [
        {
            "operation": "EQ",
            "matchMode": null,
            "property": "name",
            "value": "sAMAccountName",
            "ignoreCase": true,
            "operationMatchMode": "EQ"
        },
        {
            "operation": "EQ",
            "matchMode": null,
            "property": "email",
            "value": "mail",
            "ignoreCase": true,
            "operationMatchMode": "EQ"
        },
        {
            "operation": "EQ",
            "matchMode": null,
            "property": "displayName",
            "value": "displayName",
            "ignoreCase": true,
            "operationMatchMode": "EQ"
        },
        {
            "operation": "EQ",
            "matchMode": null,
            "property": "lastname",
            "value": "sn",
            "ignoreCase": true,
            "operationMatchMode": "EQ"
        },
        {
            "operation": "EQ",
            "matchMode": null,
            "property": "uid",
            "value": "cn",
            "ignoreCase": true,
            "operationMatchMode": "EQ"
        },
        {
            "operation": "EQ",
            "matchMode": null,
            "property": "personalEmail",
            "value": "mail",
            "ignoreCase": true,
            "operationMatchMode": "EQ"
        }

    ]
}