[{"op":"add","path":"/attributes/-","value":{"schema":null,"isMulti":false,"name":"Manager Name","description":"Manager Name","type":"STRING","isGroup":false,"isEntitlement":false}},{"op":"add","path":"/attributes/-","value":{"schema":null,"isMulti":false,"name":"Office","description":"Office","type":"STRING","isGroup":false,"isEntitlement":false}},{"op":"add","path":"/attributes/-","value":{"schema":null,"isMulti":false,"name":"Country","description":"Country","type":"STRING","isGroup":false,"isEntitlement":false}},{"op":"add","path":"/attributes/-","value":{"schema":null,"isMulti":false,"name":"Street","description":"Street","type":"STRING","isGroup":false,"isEntitlement":false}},{"op":"add","path":"/attributes/-","value":{"schema":null,"isMulti":false,"name":"Homedirectory","description":"Homedirectory","type":"STRING","isGroup":false,"isEntitlement":false}},{"op":"add","path":"/attributes/-","value":{"schema":null,"isMulti":false,"name":"Terminal Home Directory","description":"Terminal Home Directory","type":"STRING","isGroup":false,"isEntitlement":false}},{"op":"add","path":"/attributes/-","value":{"schema":null,"isMulti":false,"name":"Terminal Allow Login","description":"Terminal Allow Login","type":"BOOLEAN","isGroup":false,"isEntitlement":false}},{"op":"add","path":"/attributes/-","value":{"schema":null,"isMulti":false,"name":"Terminal Profile Path","description":"Terminal Profile Path","type":"STRING","isGroup":false,"isEntitlement":false}},{"op":"add","path":"/attributes/-","value":{"schema":null,"isMulti":false,"name":"Redirection Mail Id","description":"Redirection Mail Id","type":"STRING","isGroup":false,"isEntitlement":false}},{"op":"add","path":"/attributes/-","value":{"schema":null,"isMulti":false,"name":"Employee ID","description":"Employee ID","type":"STRING","isGroup":false,"isEntitlement":false}},{"op":"add","path":"/attributes/-","value":{"schema":null,"isMulti":false,"name":"Business Unit","description":"Business Unit","type":"STRING","isGroup":false,"isEntitlement":false}},{"op":"add","path":"/attributes/-","value":{"schema":null,"isMulti":false,"name":"User Type","description":"User Type","type":"STRING","isGroup":false,"isEntitlement":false}},{"op":"add","path":"/attributes/-","value":{"schema":null,"isMulti":false,"name":"Script Path","description":"Script Path","type":"STRING","isGroup":false,"isEntitlement":false}},{"op":"add","path":"/attributes/-","value":{"schema":null,"isMulti":false,"name":"Common Name","description":"Common Name","type":"STRING","isGroup":false,"isEntitlement":false}},{"op":"add","path":"/attributes/-","value":{"schema":null,"isMulti":false,"name":"Office Address","description":"Office Address","type":"STRING","isGroup":false,"isEntitlement":false}},{"op":"add","path":"/attributes/-","value":{"schema":null,"isMulti":false,"name":"Home Drive","description":"Home Drive","type":"STRING","isGroup":false,"isEntitlement":false}},{"op":"add","path":"/attributes/-","value":{"schema":null,"isMulti":false,"name":"Is Primary","description":"Is Primary","type":"STRING","isGroup":false,"isEntitlement":false}},{"op":"add","path":"/attributes/-","value":{"schema":null,"isMulti":false,"name":"AD Server","description":"AD Server","type":"LONG","isGroup":false,"isEntitlement":false}},{"op":"add","path":"/attributes/-","value":{"schema":null,"isMulti":false,"name":"Unique Id","description":"Unique Id","type":"STRING","isGroup":false,"isEntitlement":false}},{"op":"add","path":"/attributes/-","value":{"schema":null,"isMulti":false,"name":"Password","description":"Password","type":"STRING","isGroup":false,"isEntitlement":false}},{"op":"add","path":"/attributes/-","value":{"schema":null,"isMulti":false,"name":"User Id","description":"User Id","type":"STRING","isGroup":false,"isEntitlement":false}},{"op":"add","path":"/attributes/-","value":{"schema":null,"isMulti":false,"name":"User Principal Name","description":"User Principal Name","type":"STRING","isGroup":false,"isEntitlement":false}},{"op":"add","path":"/attributes/-","value":{"schema":null,"isMulti":false,"name":"First Name","description":"First Name","type":"STRING","isGroup":false,"isEntitlement":false}},{"op":"add","path":"/attributes/-","value":{"schema":null,"isMulti":false,"name":"Middle Name","description":"Middle Name","type":"STRING","isGroup":false,"isEntitlement":false}},{"op":"add","path":"/attributes/-","value":{"schema":null,"isMulti":false,"name":"Last Name","description":"Last Name","type":"STRING","isGroup":false,"isEntitlement":false}},{"op":"add","path":"/attributes/-","value":{"schema":null,"isMulti":false,"name":"Full Name","description":"Full Name","type":"STRING","isGroup":false,"isEntitlement":false}},{"op":"add","path":"/attributes/-","value":{"schema":null,"isMulti":false,"name":"Organization Name","description":"Organization Name","type":"STRING","isGroup":false,"isEntitlement":false}},{"op":"add","path":"/attributes/-","value":{"schema":null,"isMulti":false,"name":"Password Never Expires","description":"Password Never Expires","type":"BOOLEAN","isGroup":false,"isEntitlement":false}},{"op":"add","path":"/attributes/-","value":{"schema":null,"isMulti":false,"name":"User Must Change Password At Next Logon","description":"User Must Change Password At Next Logon","type":"BOOLEAN","isGroup":false,"isEntitlement":false}},{"op":"add","path":"/attributes/-","value":{"schema":null,"isMulti":false,"name":"Global ID","description":"Global ID","type":"STRING","isGroup":false,"isEntitlement":false}},{"op":"add","path":"/attributes/-","value":{"schema":null,"isMulti":false,"name":"Password Not Required","description":"Password Not Required","type":"BOOLEAN","isGroup":false,"isEntitlement":false}},{"op":"add","path":"/attributes/-","value":{"schema":null,"isMulti":false,"name":"Account is Locked out","description":"Account is Locked out","type":"BOOLEAN","isGroup":false,"isEntitlement":false}},{"op":"add","path":"/attributes/-","value":{"schema":null,"isMulti":false,"name":"Telephone Number","description":"Telephone Number","type":"STRING","isGroup":false,"isEntitlement":false}},{"op":"add","path":"/attributes/-","value":{"schema":null,"isMulti":false,"name":"Account Expiration Date","description":"Account Expiration Date","type":"LONG","isGroup":false,"isEntitlement":false}},{"op":"add","path":"/attributes/-","value":{"schema":null,"isMulti":false,"name":"E Mail","description":"E Mail","type":"STRING","isGroup":false,"isEntitlement":false}},{"op":"add","path":"/attributes/-","value":{"schema":null,"isMulti":false,"name":"Post Office Box","description":"Post Office Box","type":"STRING","isGroup":false,"isEntitlement":false}},{"op":"add","path":"/attributes/-","value":{"schema":null,"isMulti":false,"name":"City","description":"City","type":"STRING","isGroup":false,"isEntitlement":false}},{"op":"add","path":"/attributes/-","value":{"schema":null,"isMulti":false,"name":"State","description":"State","type":"STRING","isGroup":false,"isEntitlement":false}},{"op":"add","path":"/attributes/-","value":{"schema":null,"isMulti":false,"name":"Zip","description":"Zip","type":"STRING","isGroup":false,"isEntitlement":false}},{"op":"add","path":"/attributes/-","value":{"schema":null,"isMulti":false,"name":"Home Phone","description":"Home Phone","type":"STRING","isGroup":false,"isEntitlement":false}},{"op":"add","path":"/attributes/-","value":{"schema":null,"isMulti":false,"name":"Mobile","description":"Mobile","type":"STRING","isGroup":false,"isEntitlement":false}},{"op":"add","path":"/attributes/-","value":{"schema":null,"isMulti":false,"name":"Pager","description":"Pager","type":"STRING","isGroup":false,"isEntitlement":false}},{"op":"add","path":"/attributes/-","value":{"schema":null,"isMulti":false,"name":"Fax","description":"Fax","type":"STRING","isGroup":false,"isEntitlement":false}},{"op":"add","path":"/attributes/-","value":{"schema":null,"isMulti":false,"name":"IP Phone","description":"IP Phone","type":"STRING","isGroup":false,"isEntitlement":false}},{"op":"add","path":"/attributes/-","value":{"schema":null,"isMulti":false,"name":"Title","description":"Title","type":"STRING","isGroup":false,"isEntitlement":false}},{"op":"add","path":"/attributes/-","value":{"schema":null,"isMulti":false,"name":"Department","description":"Department","type":"STRING","isGroup":false,"isEntitlement":false}},{"op":"add","path":"/attributes/-","value":{"schema":null,"isMulti":false,"name":"Company","description":"Company","type":"STRING","isGroup":false,"isEntitlement":false}}]